,Nama Produk,Penjual,Rating,Total Terjual,Harga,Link Pembelian
1,Samsung Galaxy A12 4 128 GB Garansi Resmi SEIN,Jakarta Pusat Rdj_cell,4.9,Terjual 4872,Rp2.476.000,https://www.bukalapak.com/p/handphone/hp-smartphone/hp-android/4h8tf2p-jual-samsung-galaxy-a12-4-128-gb-garansi-resmi-sein
2,Xiaomi Redmi 9c 4 64 GB Garansi Resmi,Jakarta Pusat Rdj_cell,5,Terjual 3095,Rp1.941.000,https://www.bukalapak.com/p/handphone/hp-smartphone/hp-android/4h8tezy-jual-xiaomi-redmi-9c-4-64-gb-garansi-resmi
3,Infinix Hot 11 Play 4 64 GB Garansi Resmi,Jakarta Pusat Rdj_cell,5,Terjual 2333,Rp1.834.000,https://www.bukalapak.com/p/handphone/hp-smartphone/hp-android/4h8tfr4-jual-infinix-hot-11-play-4-64-gb-garansi-resmi
4,Infinix Hot 11s NFC 6 128 GB Garansi Resmi,Jakarta Pusat Rdj_cell,5,Terjual 1647,Rp2.469.000,https://www.bukalapak.com/p/handphone/hp-smartphone/hp-android/4h8tfnj-jual-infinix-hot-11s-nfc-6-128-gb-garansi-resmi
5,Xiaomi Redmi Note 10s 8 128 GB Garasni Resmi,Jakarta Pusat Rdj_cell,5,Terjual 1549,Rp3.794.000,https://www.bukalapak.com/p/handphone/hp-smartphone/hp-android/4h8tf0m-jual-xiaomi-redmi-note-10s-8-128-gb-garasni-resmi
6,Samsung M12 4 64 GB Garasi Resmi SEIN,Jakarta Pusat Rdj_cell,4.9,Terjual 1414,Rp2.148.000,https://www.bukalapak.com/p/handphone/hp-smartphone/hp-android/4h8tfmj-jual-samsung-m12-4-64-gb-garasi-resmi-sein
7,Case iPhone 13 Pro Max 12 Pro Max Mini RINGKE Fusion Anti Crack Softcase Casing ORIGINAL,Jakarta Utara WIEDE Shop,5,Terjual 1275,Rp189.000,https://www.bukalapak.com/p/handphone/hp-smartphone/hp-android/4ha851p-jual-case-iphone-13-pro-max-12-pro-max-mini-ringke-fusion-anti-crack-softcase-casing-original
8,Infinix Smart 6 3 64 GB Garansi Resmi,Jakarta Pusat Rdj_cell,4.9,Terjual 1195,Rp1.563.000,https://www.bukalapak.com/p/handphone/hp-smartphone/hp-android/4h8tf61-jual-infinix-smart-6-3-64-gb-garansi-resmi
9,Xiaomi Redmi 9C 4 64 GB - Garansi Resmi Xiaomi Indonesia,Jakarta Utara akbarstore,5,Terjual 1119,Rp1.972.000,https://www.bukalapak.com/p/handphone/hp-smartphone/hp-android/4h6i0w7-jual-xiaomi-redmi-9c-4-64-gb-garansi-resmi-xiaomi-indonesia
10,Samsung Galaxy A32 8 128 GB Garansi Resmi SEIN,Jakarta Pusat Rdj_cell,5,Terjual 1063,Rp3.993.000,https://www.bukalapak.com/p/handphone/hp-smartphone/hp-android/4h8texm-jual-samsung-galaxy-a32-8-128-gb-garansi-resmi-sein
11,Xiaomi Redmi Note 10s 6 64 GB Garansi Resmi,Jakarta Pusat Rdj_cell,5,Terjual 912,Rp2.754.000,https://www.bukalapak.com/p/handphone/hp-smartphone/hp-android/4h8tf4a-jual-xiaomi-redmi-note-10s-6-64-gb-garansi-resmi
12,Infinix Smart 6 2 32 GB Garansi Resmi,Jakarta Pusat Rdj_cell,5,5,Rp1.357.000,https://www.bukalapak.com/p/handphone/hp-smartphone/hp-android/4h8tffa-jual-infinix-smart-6-2-32-gb-garansi-resmi
13,obral softcase case hp,Kediri Farah_collection,4.8,5,Rp1.600,https://www.bukalapak.com/p/handphone/hp-smartphone/hp-android/4gw8qj1-jual-obral-softcase-case-hp
14,Black Matte Case Vivo Z1 PRO S1 Y12 Y15 Y17 V15 Y93 Y91 Y95 V11 Y81 Y21 Y53 Y71 V7 Plus V5 V9 slim,Sukoharjo Gudang Accessories Solo,4.8,5,Rp19.900,https://www.bukalapak.com/p/handphone/hp-smartphone/hp-android/4gg6cpv-jual-black-matte-case-vivo-z1-pro-s1-y12-y15-y17-v15-y93-y91-y95-v11-y81-y21-y53-y71-v7-plus-v5-v9-slim
15,Xiaomi Redmi Note 10 Pro 8 128 GB Garansi Resmi,Jakarta Pusat Rdj_cell,5,4.9,Rp4.450.000,https://www.bukalapak.com/p/handphone/hp-smartphone/hp-android/4h8tf07-jual-xiaomi-redmi-note-10-pro-8-128-gb-garansi-resmi
16,Xiaomi Redmi 9C 3 32 GB - Garansi Resmi Xiaomi Indonesia,Jakarta Utara akbarstore,5,4.9,Rp1.754.000,https://www.bukalapak.com/p/handphone/hp-smartphone/hp-android/4h6i0ty-jual-xiaomi-redmi-9c-3-32-gb-garansi-resmi-xiaomi-indonesia
17,Case Samsung Caramel samsung lipat E1272 polos sepasang depan belakang 2 sim GT E1272,Kediri Farah_collection,4.9,4.9,Rp12.000,https://www.bukalapak.com/p/handphone/hp-smartphone/hp-android/4gw8pma-jual-case-samsung-caramel-samsung-lipat-e1272-polos-sepasang-depan-belakang-2-sim-gt-e1272
18,Xiaomi Poco M3 Pro 5G 6 128 GB Garansi Resmi,Jakarta Pusat Rdj_cell,5,4.9,Rp3.545.000,https://www.bukalapak.com/p/handphone/hp-smartphone/hp-android/4h8tewy-jual-xiaomi-poco-m3-pro-5g-6-128-gb-garansi-resmi
19,Samsung Galaxy A03 4 64 GB Garansi Resmi SEIN,Jakarta Pusat Rdj_cell,5,4.9,Rp1.938.000,https://www.bukalapak.com/p/handphone/hp-smartphone/hp-android/4h8tf24-jual-samsung-galaxy-a03-4-64-gb-garansi-resmi-sein
20,Xiaomi Redmi 9A 3 32 GB - Garansi Resmi Xiaomi Indonesia,Jakarta Utara akbarstore,5,4.9,Rp1.587.000,https://www.bukalapak.com/p/handphone/hp-smartphone/hp-android/4h6i01g-jual-xiaomi-redmi-9a-3-32-gb-garansi-resmi-xiaomi-indonesia
21,Anticrack All Oppo A12 A9 2020 A5 A5S A7 A3S F9 F5 F7 A71 A37 A57 A39 A83 F3 F1S Anti Crack Softcase,Sukoharjo Gudang Accessories Solo,4.8,4.9,Rp20.000,https://www.bukalapak.com/p/handphone/hp-smartphone/hp-android/4gg6da1-jual-anticrack-all-oppo-a12-a9-2020-a5-a5s-a7-a3s-f9-f5-f7-a71-a37-a57-a39-a83-f3-f1s-anti-crack-softcase
22,Infinix Hot 11s NFC 4 64 GB Garansi Resmi,Jakarta Pusat Rdj_cell,5,5,Rp2.218.000,https://www.bukalapak.com/p/handphone/hp-smartphone/hp-android/4h8tfvd-jual-infinix-hot-11s-nfc-4-64-gb-garansi-resmi
23,Slim Black Matte Oppo A15 A12 F11 R17 A7 F9 A3S F7 F5 A71 A37 A57 A39 F3 Neo 7 5 A33 F1S Softcase,Sukoharjo Gudang Accessories Solo,4.9,Terjual 654,Rp19.900,https://www.bukalapak.com/p/handphone/hp-smartphone/hp-android/4gg6cqj-jual-slim-black-matte-oppo-a15-a12-f11-r17-a7-f9-a3s-f7-f5-a71-a37-a57-a39-f3-neo-7-5-a33-f1s-softcase
24,Anticrack case Samsung Galaxy V A7 2018 Grand J1 2016 ace J2 PRO J3 J5 J7 Plus Prime A6 A6 A5 2017,Sukoharjo Gudang Accessories Solo,4.8,Terjual 641,Rp20.000,https://www.bukalapak.com/p/handphone/hp-smartphone/hp-android/4gg6cvv-jual-anticrack-case-samsung-galaxy-v-a7-2018-grand-j1-2016-ace-j2-pro-j3-j5-j7-plus-prime-a6-a6-a5-2017
25,HP VIVO Y55 RAM 3/32GB  HP VIVO Y66 RAM 4/64GB HP VIVO Y67 RAM 6/128GB 4G,Bandung Gayleid,5,4.9,Rp1.000.000,https://www.bukalapak.com/p/handphone/hp-smartphone/hp-android/4hrr7t4-jual-hp-vivo-y55-ram-3-32gb-hp-vivo-y66-ram-4-64gb-hp-vivo-y67-ram-6-128gb-4g
26,vocer tri 3.5gb,Kab. Bogor Dsun shop,5,4.9,Rp16.830,https://www.bukalapak.com/p/handphone/hp-smartphone/hp-android/4g3tyzd-jual-vocer-tri-3-5gb
27,Hf Headseat Brand X27 Premium Import Samsung Oppo Xiaomi Vivo,Jakarta Pusat lamigo_official,4.8,5,Rp7.000,https://www.bukalapak.com/p/handphone/hp-smartphone/hp-android/4h0lzv4-jual-hf-headseat-brand-x27-premium-import-samsung-oppo-xiaomi-vivo
28,Redmi 9C 3 32Gb Garansi resmi Tam,Jakarta Timur Pluto Sellular,5,4.8,Rp1.549.000,https://www.bukalapak.com/p/handphone/hp-smartphone/hp-android/4h3d9w7-jual-redmi-9c-3-32gb-garansi-resmi-tam
29,NOKIA 105 2019,Bandung Gayleid,5,4.8,Rp250.000,https://www.bukalapak.com/p/handphone/hp-smartphone/hp-android/4hrr7v4-jual-nokia-105-2019
30,Xiaomi Redmi 9A 2 32 GB - Garansi Resmi Xiaomi Indonesia,Jakarta Utara akbarstore,5,4.8,Rp1.420.000,https://www.bukalapak.com/p/handphone/hp-smartphone/hp-android/4h6i0w1-jual-xiaomi-redmi-9a-2-32-gb-garansi-resmi-xiaomi-indonesia
31,iPhone 7 Plus 256GB 128GB 32GB fullset second normal mulus 100 original,Jakarta Barat Mimin store,4.9,4.9,Rp3.500.000,https://www.bukalapak.com/p/handphone/hp-smartphone/hp-android/4glp7od-jual-iphone-7-plus-256gb-128gb-32gb-fullset-second-normal-mulus-100-original
32,Samsung Galaxy A03 3 32 GB Garansi Resmi SEIN,Jakarta Pusat Rdj_cell,5,5,Rp1.639.000,https://www.bukalapak.com/p/handphone/hp-smartphone/hp-android/4h8tf2m-jual-samsung-galaxy-a03-3-32-gb-garansi-resmi-sein
33,Softcase permen Vivo Y51L Y51 lama Y51 2020 Y20 Y20i Y20S Y12S Y55 Y55L y55s 1610 Y53S 2021 case candy macaron,Kediri Farah_collection,4.9,5,Rp10.500,https://www.bukalapak.com/p/handphone/hp-smartphone/hp-android/4gw8pc4-jual-softcase-permen-vivo-y51l-y51-lama-y51-2020-y20-y20i-y20s-y12s-y55-y55l-y55s-1610-y53s-2021-case-candy-macaron
34,Auto fokus Xiaomi redmi 5 note 2 note 4 3s 3 pro 3x 4x 5A 4A M5 5 plus pocophone F1 Mi A1 Softcase non finger prime,Kediri Farah_collection,4.9,4.9,Rp9.000,https://www.bukalapak.com/p/handphone/hp-smartphone/hp-android/4gw8qhd-jual-auto-fokus-xiaomi-redmi-5-note-2-note-4-3s-3-pro-3x-4x-5a-4a-m5-5-plus-pocophone-f1-mi-a1-softcase-non-finger-prime
35,Redmi 9C 4 64Gb Garansi resmi Tam,Jakarta Timur Pluto Sellular,5,4.8,Rp1.749.000,https://www.bukalapak.com/p/handphone/hp-smartphone/hp-android/4h3d9u1-jual-redmi-9c-4-64gb-garansi-resmi-tam
36,Redmi 9A 2 32Gb Grs resmi Tam,Jakarta Timur Pluto Sellular,5,5,Rp1.239.000,https://www.bukalapak.com/p/handphone/hp-smartphone/hp-android/4h3da84-jual-redmi-9a-2-32gb-grs-resmi-tam
37,vocer smart 4gb nasional,Kab. Bogor Dsun shop,5,4.9,Rp11.600,https://www.bukalapak.com/p/handphone/hp-smartphone/hp-android/3aj6jyb-jual-vocer-smart-4gb-nasional
38,Xiaomi Redmi Note 10s 6 128 GB Garansi Resmi,Jakarta Pusat Rdj_cell,4.9,5,Rp3.104.000,https://www.bukalapak.com/p/handphone/hp-smartphone/hp-android/4h8tg0d-jual-xiaomi-redmi-note-10s-6-128-gb-garansi-resmi
39,Samsung galaxy A11 3GB,Jakarta Barat Arnold,5,4.6,Rp2.000.000,https://www.bukalapak.com/p/handphone/hp-smartphone/hp-android/3q19z3k-jual-samsung-galaxy-a11-3gb
40,All Type Vivo Y1S Z1 PRO S1 Y12 Y15 Y17 Y91 Y91C Y93 Y95 V11 Y83 Y71 Y53 Y55 Y65 Y69 V5 V9 Anticrack,Sukoharjo Gudang Accessories Solo,4.9,4.9,Rp20.000,https://www.bukalapak.com/p/handphone/hp-smartphone/hp-android/4gg6dwv-jual-all-type-vivo-y1s-z1-pro-s1-y12-y15-y17-y91-y91c-y93-y95-v11-y83-y71-y53-y55-y65-y69-v5-v9-anticrack
41,Samsung Galaxy A52 8 128 GB Garansi Resmi SEIN,Jakarta Pusat Rdj_cell,5,4.7,Rp5.128.000,https://www.bukalapak.com/p/handphone/hp-smartphone/hp-android/4h8tfs1-jual-samsung-galaxy-a52-8-128-gb-garansi-resmi-sein
42,Oppo A37,Medan Lucky Store,4.6,4.9,Rp500.000,https://www.bukalapak.com/p/handphone/hp-smartphone/hp-android/100uonb-jual-oppo-a37
43,Anti crack case REALME C11 C15 C3 XT 5 5i 5s 5PRO PRO X REAL ME C1 C2 2 3 6 PRO anticrack cases,Sukoharjo Gudang Accessories Solo,4.9,4.9,Rp9.900,https://www.bukalapak.com/p/handphone/hp-smartphone/hp-android/4gg6dbv-jual-anti-crack-case-realme-c11-c15-c3-xt-5-5i-5s-5pro-pro-x-real-me-c1-c2-2-3-6-pro-anticrack-cases
44,Anti crack Xiaomi redmi 4A 4X Note 4 7 6 S2 5A 6A Mi A1 note 2 Mi 5x 3s 3 pro 7A 3x Mi 5C note 5 pro,Kediri Farah_collection,4.9,5,Rp8.000,https://www.bukalapak.com/p/handphone/hp-smartphone/hp-android/4gw8qld-jual-anti-crack-xiaomi-redmi-4a-4x-note-4-7-6-s2-5a-6a-mi-a1-note-2-mi-5x-3s-3-pro-7a-3x-mi-5c-note-5-pro
45,Handphone Multifungsi KUH T998,Medan Shorili,5,4.9,Rp500.000,https://www.bukalapak.com/p/handphone/hp-smartphone/hp-android/1elk82z-jual-handphone-multifungsi-kuh-t998
46,Samsung Galaxy A22 5G 6 128 GB Garasni Resmi SEIN,Jakarta Pusat Rdj_cell,5,4.9,Rp3.324.000,https://www.bukalapak.com/p/handphone/hp-smartphone/hp-android/4h8tfcp-jual-samsung-galaxy-a22-5g-6-128-gb-garasni-resmi-sein
47,Softcase Blackmatte Xiaomi Mi A1 redmi 6 hotwav m6 redmi 3S 2s 4A 6A 3 pro Note 5a Prime note 4 4x note 3 note 2 black matte Mia1 prime,Kediri Farah_collection,4.9,5,Rp7.500,https://www.bukalapak.com/p/handphone/hp-smartphone/hp-android/4gw8qkj-jual-softcase-blackmatte-xiaomi-mi-a1-redmi-6-hotwav-m6-redmi-3s-2s-4a-6a-3-pro-note-5a-prime-note-4-4x-note-3-note-2-black-matte-mia1-prime
48,Xiaomi Redmi Note 10 5G 8 128 GB Garansi Resmi,Jakarta Pusat Rdj_cell,5,5,Rp3.490.000,https://www.bukalapak.com/p/handphone/hp-smartphone/hp-android/4h8texp-jual-xiaomi-redmi-note-10-5g-8-128-gb-garansi-resmi
49,Case Samsung Galaxy A53 5G A73 5G A52s A52 A72 A32 5G RINGKE Onyx Softcase Casing ORIGINAL,Jakarta Utara WIEDE Shop,5,4.9,Rp185.000,https://www.bukalapak.com/p/handphone/hp-smartphone/hp-android/4ha84ys-jual-case-samsung-galaxy-a53-5g-a73-5g-a52s-a52-a72-a32-5g-ringke-onyx-softcase-casing-original
50,Softcase dompet tali Oppo A3S A1k Realme C1 C2 Realme C11 C12 C15 A7 A5S A12 F9 A11k narzo 20 30A 2020,Kediri Farah_collection,4.9,4.8,Rp34.500,https://www.bukalapak.com/p/handphone/hp-smartphone/hp-android/4gw8qg1-jual-softcase-dompet-tali-oppo-a3s-a1k-realme-c1-c2-realme-c11-c12-c15-a7-a5s-a12-f9-a11k-narzo-20-30a-2020
51,Infinix Note 11 NFC 6 128 GB Garansi Resmi,Jakarta Pusat Rdj_cell,5,4.8,Rp2.620.000,https://www.bukalapak.com/p/handphone/hp-smartphone/hp-android/4h8tf67-jual-infinix-note-11-nfc-6-128-gb-garansi-resmi
52,Samsung Galaxy A13 6 128 GB Garansi Resmi,Jakarta Pusat Rdj_cell,5,5,Rp2.926.000,https://www.bukalapak.com/p/handphone/hp-smartphone/hp-android/4h8tf11-jual-samsung-galaxy-a13-6-128-gb-garansi-resmi
53,Anticrack case Xiaomi Redmi Note 6 Note 7 7 a 7a 6X Mi A2 6a 6 Pro A2 Lite POCOPHONE F1 anti crack,Sukoharjo Gudang Accessories Solo,4.8,4.9,Rp9.900,https://www.bukalapak.com/p/handphone/hp-smartphone/hp-android/4gg6e3s-jual-anticrack-case-xiaomi-redmi-note-6-note-7-7-a-7a-6x-mi-a2-6a-6-pro-a2-lite-pocophone-f1-anti-crack
54,Samsung galaxy A10s,Tangerang Selatan Gudang Handphone,5,4.9,Rp1.500.000,https://www.bukalapak.com/p/handphone/hp-smartphone/hp-android/2f2hcjt-jual-samsung-galaxy-a10s
55,Timbangan Kopi Timbangan Dapur Home Brewers Mini Digital Scaler 3kg 2kg 1kg 0 1gr,Surabaya Jaya Indah Makmur,4.8,4.8,Rp59.900,https://www.bukalapak.com/p/handphone/hp-smartphone/hp-android/4h1xs0d-jual-timbangan-kopi-timbangan-dapur-home-brewers-mini-digital-scaler-3kg-2kg-1kg-0-1gr
56,Anti crack Oppo A37 neo 5 7 F7 A71 F3 A57 A39 F1 plus youth A7 A5s A12 A11k F5 a83 F3 F1s A59 A37f A33w,Kediri Farah_collection,4.9,,Rp8.000,https://www.bukalapak.com/p/handphone/hp-smartphone/hp-android/4gw8nd4-jual-anti-crack-oppo-a37-neo-5-7-f7-a71-f3-a57-a39-f1-plus-youth-a7-a5s-a12-a11k-f5-a83-f3-f1s-a59-a37f-a33w
57,Xiaomi Redmi Note 10s 8 128 GB - Garansi Resmi Xiaomi Indonesia,Jakarta Utara akbarstore,5,,Rp3.375.000,https://www.bukalapak.com/p/handphone/hp-smartphone/hp-android/4h6i1op-jual-xiaomi-redmi-note-10s-8-128-gb-garansi-resmi-xiaomi-indonesia
58,Case Samsung Galaxy A52s A52 A72 A51 A71 A22 A32 S21 S21 S21 Ultra S21 FE 5G A03s A12 Note 20 20 Ultra Fuze Hybrid Crystal Clear Casing,Jakarta Utara Nine point Nine,4.9,,Rp65.000,https://www.bukalapak.com/p/handphone/hp-smartphone/hp-android/4gzdbyg-jual-case-samsung-galaxy-a52s-a52-a72-a51-a71-a22-a32-s21-s21-s21-ultra-s21-fe-5g-a03s-a12-note-20-20-ultra-fuze-hybrid-crystal-clear-casing
59,Xiaomi Poco M3 Pro 5G 4 64GB Garansi Resmi,Jakarta Pusat Rdj_cell,5,,Rp2.745.000,https://www.bukalapak.com/p/handphone/hp-smartphone/hp-android/4h8tfla-jual-xiaomi-poco-m3-pro-5g-4-64gb-garansi-resmi
60,xiaomi redmi 4x . 4G LTE,Jakarta Barat JEMBES CELL,4.7,,Rp829.000,https://www.bukalapak.com/p/handphone/hp-smartphone/hp-android/8jqri4-jual-xiaomi-redmi-4x-4g-lte
61,Auto fokus Oppo F9 A37 A7 A71 A3S A83 A37F F5 F7 A39 A57 youth realme 2 c1 A11k F1s f11 A5s A12 case,Kediri Farah_collection,4.9,,Rp9.500,https://www.bukalapak.com/p/handphone/hp-smartphone/hp-android/4gw8p8d-jual-auto-fokus-oppo-f9-a37-a7-a71-a3s-a83-a37f-f5-f7-a39-a57-youth-realme-2-c1-a11k-f1s-f11-a5s-a12-case
62,Samsung galaxy A01 2GB,Jakarta Barat Arnold,5,,Rp1.500.000,https://www.bukalapak.com/p/handphone/hp-smartphone/hp-android/3q1a9an-jual-samsung-galaxy-a01-2gb
63,Softcase dompet tali Vivo Y11 Y12 Y15 Y17 V19 1919 Y19 Y20 Y20i Y20S Y20SG Y12S Y81 1808 V2029 1812,Kediri Farah_collection,4.9,,Rp35.000,https://www.bukalapak.com/p/handphone/hp-smartphone/hp-android/4gw8qgs-jual-softcase-dompet-tali-vivo-y11-y12-y15-y17-v19-1919-y19-y20-y20i-y20s-y20sg-y12s-y81-1808-v2029-1812
64,Infinix Smart 6 Plus 2 32 GB X6511E Garansi Resmi,Jakarta Pusat Rdj_cell,5,,Rp1.357.000,https://www.bukalapak.com/p/handphone/hp-smartphone/hp-android/4h8tfiv-jual-infinix-smart-6-plus-2-32-gb-x6511e-garansi-resmi
65,Samsung Galaxy A13 4 128 GB Garansi Resmi,Jakarta Pusat Rdj_cell,5,,Rp2.692.000,https://www.bukalapak.com/p/handphone/hp-smartphone/hp-android/4h8tfd4-jual-samsung-galaxy-a13-4-128-gb-garansi-resmi
66,Xiaomi Redmi 10 2022 4 64 GB Garansi Resmi,Jakarta Pusat Rdj_cell,5,,Rp2.429.000,https://www.bukalapak.com/p/handphone/hp-smartphone/hp-android/4h8tfvs-jual-xiaomi-redmi-10-2022-4-64-gb-garansi-resmi
67,OPPO A16 4 64 GB Garansi Resmi,Jakarta Pusat Rdj_cell,5,,Rp2.688.000,https://www.bukalapak.com/p/handphone/hp-smartphone/hp-android/4h8tfug-jual-oppo-a16-4-64-gb-garansi-resmi
68,iPhone 8 256GB 64GB fullset second normal mulus 100 original,Jakarta Barat Mimin store,4.9,,Rp2.950.000,https://www.bukalapak.com/p/handphone/hp-smartphone/hp-android/4glp7ms-jual-iphone-8-256gb-64gb-fullset-second-normal-mulus-100-original
69,Anti crack akrilik Samsung grand 2 duos 2016 A3 2017 j1 2015 ace J2 j3 pro J7 core j5 G7106 I9082,Kediri Farah_collection,4.9,,Rp13.000,https://www.bukalapak.com/p/handphone/hp-smartphone/hp-android/4gw8mhp-jual-anti-crack-akrilik-samsung-grand-2-duos-2016-a3-2017-j1-2015-ace-j2-j3-pro-j7-core-j5-g7106-i9082
70,Softcase dompet tali vivo Y53 1606 Y91 Y93 Y95 Y91C Y1S Y50 Y30 Y30i Y71 Y55 Y55L Y21 lama Y22 1603 1724 1820,Kediri Farah_collection,4.9,,Rp34.500,https://www.bukalapak.com/p/handphone/hp-smartphone/hp-android/4gw8pbs-jual-softcase-dompet-tali-vivo-y53-1606-y91-y93-y95-y91c-y1s-y50-y30-y30i-y71-y55-y55l-y21-lama-y22-1603-1724-1820
71,Redmi 9A 3 32Gb Grs resmi Tam,Jakarta Timur Pluto Sellular,5,,Rp1.379.000,https://www.bukalapak.com/p/handphone/hp-smartphone/hp-android/4h3da3m-jual-redmi-9a-3-32gb-grs-resmi-tam
72,Anti crack samsung J3 J7 pro A3 2015 A12 Note 4 S8 plus M12 J5 2016 grand J2 prime core J1 ace 2017,Kediri Farah_collection,4.9,,Rp8.000,https://www.bukalapak.com/p/handphone/hp-smartphone/hp-android/4gw8pmy-jual-anti-crack-samsung-j3-j7-pro-a3-2015-a12-note-4-s8-plus-m12-j5-2016-grand-j2-prime-core-j1-ace-2017
73,Oppo A16e 3/32 GB,Kab. Tangerang Toko Asyifa,5,,Rp1.000.500,https://www.bukalapak.com/p/handphone/hp-smartphone/hp-android/4hryq0s-jual-oppo-a16e-3-32-gb
74,Softcase dompet tali Xiaomi redmi 8 redmi 9 9C 8A 9A Note 8 8A pro Note 9 Note 9 pro boneka,Kediri Farah_collection,4.9,,Rp34.500,https://www.bukalapak.com/p/handphone/hp-smartphone/hp-android/4gw8pcd-jual-softcase-dompet-tali-xiaomi-redmi-8-redmi-9-9c-8a-9a-note-8-8a-pro-note-9-note-9-pro-boneka
75,Softcase auto fokus Vivo Y81 Y91 y95 Y71 Y83 V11 V9 y21 y22 1808 pro V11i V15 Y53 Y93 y69 Y91C Y1S 1820 1806 v7 plus 1606 1718 1716,Kediri Farah_collection,4.9,,Rp9.500,https://www.bukalapak.com/p/handphone/hp-smartphone/hp-android/4gw8n8d-jual-softcase-auto-fokus-vivo-y81-y91-y95-y71-y83-v11-v9-y21-y22-1808-pro-v11i-v15-y53-y93-y69-y91c-y1s-1820-1806-v7-plus-1606-1718-1716
76,Softcase BT bening Oppo A37 A37f A5 F9 A9 2020 A7 A5S A3S A12 Realme C1 C2 A1k Case boyband A11k F9,Kediri Farah_collection,4.9,,Rp17.500,https://www.bukalapak.com/p/handphone/hp-smartphone/hp-android/4gw8n0j-jual-softcase-bt-bening-oppo-a37-a37f-a5-f9-a9-2020-a7-a5s-a3s-a12-realme-c1-c2-a1k-case-boyband-a11k-f9
77,Case glitter polos Oppo A3S F9 A74 4g A37 A5s A12 F1s A71 F5 F3 A83 F7 A7 A11k realme C1 a37f neo 9 A59,Kediri Farah_collection,4.8,,Rp29.500,https://www.bukalapak.com/p/handphone/hp-smartphone/hp-android/4gw8pov-jual-case-glitter-polos-oppo-a3s-f9-a74-4g-a37-a5s-a12-f1s-a71-f5-f3-a83-f7-a7-a11k-realme-c1-a37f-neo-9-a59
78,Anti crack akrilik Oppo A71 A7 A5s A12 F1s A59 F3 plus Neo 5 F3 F9 A39 a57 a37 A37f A5 2020 A9,Kediri Farah_collection,4.9,,Rp13.000,https://www.bukalapak.com/p/handphone/hp-smartphone/hp-android/4gw8pnm-jual-anti-crack-akrilik-oppo-a71-a7-a5s-a12-f1s-a59-f3-plus-neo-5-f3-f9-a39-a57-a37-a37f-a5-2020-a9
79,iPhone XR 256GB 128GB 64GB fullset Second normal mulus 100 original,Jakarta Barat Mimin store,4.8,,Rp3.350.000,https://www.bukalapak.com/p/handphone/hp-smartphone/hp-android/4glp7qp-jual-iphone-xr-256gb-128gb-64gb-fullset-second-normal-mulus-100-original
80,Softcase blackmatte Samsung J2 2015 A3 J3 2016 A2 J2 core J7 duo case black matte J200 J310 J300 J700 J260,Kediri Farah_collection,4.9,,Rp7.500,https://www.bukalapak.com/p/handphone/hp-smartphone/hp-android/4gw8ps4-jual-softcase-blackmatte-samsung-j2-2015-a3-j3-2016-a2-j2-core-j7-duo-case-black-matte-j200-j310-j300-j700-j260
81,Softcase auto fokus Xiaomi MI A2 Redmi 6 6a hotwav m6 m5 note 5 pro 6x note 7 note 8 S2 Mi A2 lite 7A 8A pro,Kediri Farah_collection,4.8,,Rp9.000,https://www.bukalapak.com/p/handphone/hp-smartphone/hp-android/4gw8pad-jual-softcase-auto-fokus-xiaomi-mi-a2-redmi-6-6a-hotwav-m6-m5-note-5-pro-6x-note-7-note-8-s2-mi-a2-lite-7a-8a-pro
82,HP Oppo F9 6/128GB Android,Jakarta Barat Nailashop,5,,Rp1.000.000,https://www.bukalapak.com/p/handphone/hp-smartphone/hp-android/4hrzr34-jual-hp-oppo-f9-6-128gb-android
83,Samsung Galaxy M23 5G [ 6/128GB ] Garansi Resmi - Deep Green,Jakarta Barat Putra Cahya Electric,5,,Rp3.000.000,https://www.bukalapak.com/p/handphone/hp-smartphone/hp-android/4hqfubd-jual-samsung-galaxy-m23-5g-6-128gb-garansi-resmi-deep-green
84,Softcase dompet tali Oppo A37 A37f neo 9 Neo 7 A33w A5 A9 2020 A31 A53 A33 A39 A57 A52 A72 A92,Kediri Farah_collection,Farah_collection,,Rp34.500,https://www.bukalapak.com/p/handphone/hp-smartphone/hp-android/4gw8pzd-jual-softcase-dompet-tali-oppo-a37-a37f-neo-9-neo-7-a33w-a5-a9-2020-a31-a53-a33-a39-a57-a52-a72-a92
85,4.9,Jakarta Barat Mimin store,Mimin store,,Rp3.300.000,https://www.bukalapak.com/p/handphone/hp-smartphone/hp-android/4glp7mj-jual-iphone-x-256gb-64gb-fullset-second-normal-mulus-100-original
86,5,Jakarta Barat Mimin store,Mimin store,,Rp4.100.000,https://www.bukalapak.com/p/handphone/hp-smartphone/hp-android/4glp7my-jual-iphone-8-plus-256gb-64gb-fullset-second-normal-mulus-100-original
87,Farah_collection,Kediri Farah_collection,Case samsung caramel e1272 samsung lipat karakter kartun hello kitty - GT-E1272,,Rp10.500,https://www.bukalapak.com/p/handphone/hp-smartphone/hp-android/4gw8pnd-jual-case-permen-oppo-reno-2f-a3s-a5-a9-2020-realme-c1-softcase-candy-macaron
88,Farah_collection,Kediri Farah_collection,Handsfree Fleco Fl-11 Plus Mic Headset Fleco Super Mega Bass Earphone Fleco Stereo,,Rp18.000,https://www.bukalapak.com/p/handphone/hp-smartphone/hp-android/4gw8qkd-jual-case-samsung-caramel-e1272-samsung-lipat-karakter-kartun-hello-kitty-gt-e1272
89,VIVAN CELL,Jakarta Timur VIVAN CELL,vivo Y51,,Rp7.000,https://www.bukalapak.com/p/handphone/hp-smartphone/hp-android/30dhw5t-jual-handsfree-fleco-fl-11-plus-mic-headset-fleco-super-mega-bass-earphone-fleco-stereo
90,sisil rafa,Jakarta Barat sisil rafa,iPhone 6s Plus 128GB 64GB 32GB 16GB fullset second normal mulus 100 original,,Rp1.000.000,https://www.bukalapak.com/p/handphone/hp-smartphone/hp-android/3wbrgso-jual-vivo-y51
91,Mimin store,Jakarta Barat Mimin store,Xiaomi Redmi Note 11 4 128 GB Garansi Resmi,,Rp2.600.000,https://www.bukalapak.com/p/handphone/hp-smartphone/hp-android/4glp7np-jual-iphone-6s-plus-128gb-64gb-32gb-16gb-fullset-second-normal-mulus-100-original
92,Rdj_cell,Jakarta Pusat Rdj_cell,Softcase dompet tali Xiaomi redmi 7 redmi 7A redmi 4A redmi 4x redmi Note 4 Note 3 Note 7 pro Note 4X case kartun,,Rp3.219.000,https://www.bukalapak.com/p/handphone/hp-smartphone/hp-android/4h8teyp-jual-xiaomi-redmi-note-11-4-128-gb-garansi-resmi
93,Farah_collection,Kediri Farah_collection,Koper case Oppo A31 2020 neo 7 A33w 9 A37 A37f A39 A57 trunk luggage case,,Rp34.500,https://www.bukalapak.com/p/handphone/hp-smartphone/hp-android/4gw8pas-jual-softcase-dompet-tali-xiaomi-redmi-7-redmi-7a-redmi-4a-redmi-4x-redmi-note-4-note-3-note-7-pro-note-4x-case-kartun
94,Farah_collection,Kediri Farah_collection,Anti Crack case Y53 Y21 V5 V5s Y55 V11 Y71 y93 V9 y83 y81 y91 y95 Y51 Y50 Y30 Y69 y85 y91C Y55L pro,,Rp12.500,https://www.bukalapak.com/p/handphone/hp-smartphone/hp-android/4gw8qia-jual-koper-case-oppo-a31-2020-neo-7-a33w-9-a37-a37f-a39-a57-trunk-luggage-case
95,Farah_collection,Kediri Farah_collection,Anti crack akrilik xiaomi redmi 4x S2 note 3 5 plus 3 pro 3s Mi 5c Mi A1 A2 mi 6x 5x,,Rp8.000,https://www.bukalapak.com/p/handphone/hp-smartphone/hp-android/4gw8pns-jual-anti-crack-case-y53-y21-v5-v5s-y55-v11-y71-y93-v9-y83-y81-y91-y95-y51-y50-y30-y69-y85-y91c-y55l-pro
96,Farah_collection,Kediri Farah_collection,samsung7,,Rp13.000,https://www.bukalapak.com/p/handphone/hp-smartphone/hp-android/4gw8n14-jual-anti-crack-akrilik-xiaomi-redmi-4x-s2-note-3-5-plus-3-pro-3s-mi-5c-mi-a1-a2-mi-6x-5x
97,heppy koes raya,Banjarmasin heppy koes raya,Xiaomi Redmi 10 2022 6 128 GB Garansi Resmi,,Rp1.000.000,https://www.bukalapak.com/p/handphone/hp-smartphone/hp-android/4h631c7-jual-samsung7
98,Rdj_cell,Jakarta Pusat Rdj_cell,softcase permen Samsung galaxy A20 A30 M10 A20S A10 Case macaron premium candy,,Rp2.809.000,https://www.bukalapak.com/p/handphone/hp-smartphone/hp-android/4h8tf5y-jual-xiaomi-redmi-10-2022-6-128-gb-garansi-resmi
99,Farah_collection,Kediri Farah_collection,Xiaomi Redmi 12c 4/64 gb Garansi Resmi,,Rp10.500,https://www.bukalapak.com/p/handphone/hp-smartphone/hp-android/4gw8qqm-jual-softcase-permen-samsung-galaxy-a20-a30-m10-a20s-a10-case-macaron-premium-candy
100,rikydos santos aveiro,Depok rikydos santos aveiro,Xiaomi Redmi Note 10 5G 4 128 GB Garansi Resmi,,Rp1.130.000,https://www.bukalapak.com/p/handphone/hp-smartphone/hp-android/4hln17s-jual-xiaomi-redmi-12c-4-64-gb-garansi-resmi
101,Rdj_cell,Jakarta Pusat Rdj_cell,Samsung J2 prime Grand prime G530 silicone 3D silikon 4D kucing garis cat,,Rp2.852.000,https://www.bukalapak.com/p/handphone/hp-smartphone/hp-android/4h8teys-jual-xiaomi-redmi-note-10-5g-4-128-gb-garansi-resmi
102,Farah_collection,Kediri Farah_collection,Xiaomi Redmi Note 10 Pro 6 64Gb 8 128Gb - Grs resmi Xiaomi,,Rp30.500,https://www.bukalapak.com/p/handphone/hp-smartphone/hp-android/4gw8mdj-jual-samsung-j2-prime-grand-prime-g530-silicone-3d-silikon-4d-kucing-garis-cat
103,Pluto Sellular,Jakarta Timur Pluto Sellular,Xiaomi Redmi 4x Ram 2 16GB,,Rp3.899.000,https://www.bukalapak.com/p/handphone/hp-smartphone/hp-android/4h3d94m-jual-xiaomi-redmi-note-10-pro-6-64gb-8-128gb-grs-resmi-xiaomi
104,Lucky Store,Medan Lucky Store,VIVO Y15,,Rp600.000,https://www.bukalapak.com/p/handphone/hp-smartphone/hp-android/21tv695-jual-xiaomi-redmi-4x-ram-2-16gb
105,IMMORTAL,Jakarta Timur IMMORTAL,xiaomi redmi 4X prime. 3gb. 32gb,,Rp1.699.000,https://www.bukalapak.com/p/handphone/hp-smartphone/hp-android/1ztpwkq-jual-vivo-y15
106,JEMBES CELL,Jakarta Barat JEMBES CELL,Softcase BT bening Vivo Y81 Y71 Y53 Y19 Y91 Y93 Y95 Y11 Y17 Y12 Y15 1606 Softcase kpop boyband korea,,Rp999.000,https://www.bukalapak.com/p/handphone/hp-smartphone/hp-android/aixar4-jual-xiaomi-redmi-4x-prime-3gb-32gb
107,Farah_collection,Kediri Farah_collection,Case Aero hybrid ring lens Vivo Y12 Y15 Y17 Y20 Y20i Y20S Y12S Y91C Y1S Y91 Y93 Y95 Y30 Y50 Y30i 1904 1820 1807 Y20SG,,Rp17.500,https://www.bukalapak.com/p/handphone/hp-smartphone/hp-android/4gw8pqd-jual-softcase-bt-bening-vivo-y81-y71-y53-y19-y91-y93-y95-y11-y17-y12-y15-1606-softcase-kpop-boyband-korea
108,Farah_collection,Kediri Farah_collection,Vivo Y33S 8GB-128GB Garansi Resmi,,Rp17.500,https://www.bukalapak.com/p/handphone/hp-smartphone/hp-android/4gw8php-jual-case-aero-hybrid-ring-lens-vivo-y12-y15-y17-y20-y20i-y20s-y12s-y91c-y1s-y91-y93-y95-y30-y50-y30i-1904-1820-1807-y20sg
109,IMMORTAL,Jakarta Timur IMMORTAL,iPhone XS 512GB 256GB 64GB fullset second normal mulus 100 original,,Rp2.999.000,https://www.bukalapak.com/p/handphone/hp-smartphone/hp-android/4gom6pm-jual-vivo-y33s-8gb-128gb-garansi-resmi
110,Mimin store,Jakarta Barat Mimin store,Case permen Xiaomi redmi 9 9C redmi note 9 note 9 pro Softcase macaron,,Rp3.300.000,https://www.bukalapak.com/p/handphone/hp-smartphone/hp-android/4glp7o7-jual-iphone-xs-512gb-256gb-64gb-fullset-second-normal-mulus-100-original
111,Farah_collection,Kediri Farah_collection,Hp vivo y55,,Rp10.500,https://www.bukalapak.com/p/handphone/hp-smartphone/hp-android/4gw8pu7-jual-case-permen-xiaomi-redmi-9-9c-redmi-note-9-note-9-pro-softcase-macaron
112,Fancystore,Jakarta Timur Fancystore,Realme 3 pro ram 6gb internal 128gb garansi resmi Indonesia,,Rp1.000.000,https://www.bukalapak.com/p/handphone/hp-smartphone/hp-android/4hsbfoa-jual-hp-vivo-y55
113,HO STORE,Jakarta Timur HO STORE,Case anti crack akrilik hitam Oppo A83 neo 7 A71 F11 pro A33w F11 A3S Realme C1,,Rp3.600.000,https://www.bukalapak.com/p/handphone/hp-smartphone/hp-android/2l0z0z2-jual-realme-3-pro-ram-6gb-internal-128gb-garansi-resmi-indonesia
114,Farah_collection,Kediri Farah_collection,Softcase permen Vivo Y50 Y30 V5 V5s Y67 Y65 Y66 V5 lite 1713 candy macaron,,Rp15.000,https://www.bukalapak.com/p/handphone/hp-smartphone/hp-android/4gw8n0s-jual-case-anti-crack-akrilik-hitam-oppo-a83-neo-7-a71-f11-pro-a33w-f11-a3s-realme-c1
115,Farah_collection,Kediri Farah_collection,Case VIVO Y21S Y21 Y21T Y33s Y20 Y12S Y20S Y15S SoftCase Slim Black Premium Protect Kamera,,Rp10.500,https://www.bukalapak.com/p/handphone/hp-smartphone/hp-android/4gw8mcd-jual-softcase-permen-vivo-y50-y30-v5-v5s-y67-y65-y66-v5-lite-1713-candy-macaron
116,shofia case,Jakarta Pusat shofia case,Xiaomi Redmi Note 11 6 128 GB Garansi Resmi,,Rp50.000,https://www.bukalapak.com/p/handphone/hp-smartphone/hp-android/4h0godd-jual-case-vivo-y21s-y21-y21t-y33s-y20-y12s-y20s-y15s-softcase-slim-black-premium-protect-kamera
117,Rdj_cell,Jakarta Pusat Rdj_cell,Oppo f9 pro 6-128 GB Baru,,Rp3.166.000,https://www.bukalapak.com/p/handphone/hp-smartphone/hp-android/4h8tey1-jual-xiaomi-redmi-note-11-6-128-gb-garansi-resmi
118,butik merek,Jakarta Barat butik merek,Softcase blackmatte Lenovo A7700 slim e black matte case doff,,Rp1.800.000,https://www.bukalapak.com/p/handphone/hp-smartphone/hp-android/4clyxxj-jual-oppo-f9-pro-6-128-gb-baru
119,Farah_collection,Kediri Farah_collection,Anti crack akrilik black Samsung J3 pro J5 J8 2018 J2 J4 plus prime A7 J7 2016 duo J6 A8 J1 ace,,Rp8.500,https://www.bukalapak.com/p/handphone/hp-smartphone/hp-android/4gw8nh7-jual-softcase-blackmatte-lenovo-a7700-slim-e-black-matte-case-doff
120,Farah_collection,Kediri Farah_collection,,,Rp15.000,https://www.bukalapak.com/p/handphone/hp-smartphone/hp-android/4gw8nkj-jual-anti-crack-akrilik-black-samsung-j3-pro-j5-j8-2018-j2-j4-plus-prime-a7-j7-2016-duo-j6-a8-j1-ace
